CREATE TABLE IF NOT EXISTS Admin (
	AdminID INTEGER PRIMARY KEY AUTOINCREMENT,
	Username VARCHAR(30),
	Password VARCHAR(255)
);

create table IF NOT EXISTS Category (
  SkillCategoryId VARCHAR(32) primary key,
  Label VARCHAR(100) not null,
  SortValue VARCHAR(10) not null
);

create table IF NOT EXISTS Company (
   CompanyCode VARCHAR(2) primary key,
   Label VARCHAR(20) not null,
   ManagerEmployeeNumber integer not null
);

create table IF NOT EXISTS CompanyOfficeGroup (
   CompanyCode          VARCHAR(2)           not null,
   OfficeCode           VARCHAR(2)           not null,
   GroupCode            VARCHAR(2)           not null,
   Label                VARCHAR(20)          not null,
   ManagerEmployeeNumber integer             not null,
   primary key (CompanyCode, OfficeCode, GroupCode)
);

create table IF NOT EXISTS Employee (
   isContractor         int              not null,
   SupervisorEmployeeNumber integer,
   EmployeeNumber       integer              primary key AUTOINCREMENT,
   CompanyCode          VARCHAR(2)           not null,
   OfficeCode           VARCHAR(2)           not null,
   GroupCode            VARCHAR(2)           not null,
   LocationId           VARCHAR(20)          not null,
   LastName             VARCHAR(50),
   FirstName            VARCHAR(25),
   EmploymentType       VARCHAR(10),
   Title                VARCHAR(50),
   HireDate             DATE,
   TerminationDate      DATE,
   YearsPriorExperience NUMERIC(3,1),
   Email                VARCHAR(50),
   WorkPhone            VARCHAR(24),
   WorkCell             VARCHAR(24),
   PhotoUrl             VARCHAR(255),
   Bio                  varchar(255),
   ExtraInfo            varchar(255)
);

create table IF NOT EXISTS EmployeeSkills (
   EmployeeNumber       int                  not null,
   SkillId              VARCHAR(32)          not null,
   primary key (EmployeeNumber, SkillId)
);

create table IF NOT EXISTS Location (
   LocationId           VARCHAR(20)          primary key,
   Label                VARCHAR(100)         not null,
   SortValue            VARCHAR(100)         not null
);

create table IF NOT EXISTS Office (
   CompanyCode          VARCHAR(2)           not null,
   OfficeCode           VARCHAR(2)           not null,
   Label                VARCHAR(20)          not null,
   ManagerEmployeeNumber int                 not null,
   primary key (CompanyCode, OfficeCode)
);

create table IF NOT EXISTS Skill (
   SkillCategoryId      VARCHAR(32)          not null,
   SkillId              VARCHAR(32)          primary key,
   Label                VARCHAR(100)         not null,
   SortValue            VARCHAR(10)          not null
);

INSERT INTO Company (CompanyCode, Label, ManagerEmployeeNumber) VALUES ('01', 'Acme Seeds Inc.', 1);
INSERT INTO Company (CompanyCode, Label, ManagerEmployeeNumber) VALUES ('02', 'Acme Planting Ltd.', 6);
INSERT INTO Company (CompanyCode, Label, ManagerEmployeeNumber) VALUES ('03', 'Acme Harvesting Ltd.', 11);

INSERT INTO Office (CompanyCode, OfficeCode, Label, ManagerEmployeeNumber) VALUES ('01', '01', 'Corporate', 1);
INSERT INTO Office (CompanyCode, OfficeCode, Label, ManagerEmployeeNumber) VALUES ('02', '02', 'Vancouver', 8);
INSERT INTO Office (CompanyCode, OfficeCode, Label, ManagerEmployeeNumber) VALUES ('03', '03', 'Kelowna', 12);
INSERT INTO Office (CompanyCode, OfficeCode, Label, ManagerEmployeeNumber) VALUES ('03', '04', 'Prince George', 13);
INSERT INTO Office (CompanyCode, OfficeCode, Label, ManagerEmployeeNumber) VALUES ('03', '05', 'Victoria', 13);

INSERT INTO CompanyOfficeGroup (CompanyCode, OfficeCode, GroupCode, Label, ManagerEmployeeNumber) VALUES ('01', '01', '01', 'Administration', 2);
INSERT INTO CompanyOfficeGroup (CompanyCode, OfficeCode, GroupCode, Label, ManagerEmployeeNumber) VALUES ('01', '01', '02', 'Marketing', 3);
INSERT INTO CompanyOfficeGroup (CompanyCode, OfficeCode, GroupCode, Label, ManagerEmployeeNumber) VALUES ('01', '01', '03', 'Sales', 4);
INSERT INTO CompanyOfficeGroup (CompanyCode, OfficeCode, GroupCode, Label, ManagerEmployeeNumber) VALUES ('01', '01', '04', 'Accounting', 5);
INSERT INTO CompanyOfficeGroup (CompanyCode, OfficeCode, GroupCode, Label, ManagerEmployeeNumber) VALUES ('01', '01', '05', 'Human Resources', 5);

INSERT INTO CompanyOfficeGroup (CompanyCode, OfficeCode, GroupCode, Label, ManagerEmployeeNumber) VALUES ('02', '02', '01', 'Administration', 6);
INSERT INTO CompanyOfficeGroup (CompanyCode, OfficeCode, GroupCode, Label, ManagerEmployeeNumber) VALUES ('02', '02', '02', 'Marketing', 7);
INSERT INTO CompanyOfficeGroup (CompanyCode, OfficeCode, GroupCode, Label, ManagerEmployeeNumber) VALUES ('02', '02', '03', 'Database', 10);

INSERT INTO CompanyOfficeGroup (CompanyCode, OfficeCode, GroupCode, Label, ManagerEmployeeNumber) VALUES ('03', '04', '04', 'Sales', 8);
INSERT INTO CompanyOfficeGroup (CompanyCode, OfficeCode, GroupCode, Label, ManagerEmployeeNumber) VALUES ('03', '04', '05', 'IT', 16);
INSERT INTO CompanyOfficeGroup (CompanyCode, OfficeCode, GroupCode, Label, ManagerEmployeeNumber) VALUES ('03', '04', '06', 'Service', 9);

INSERT INTO CompanyOfficeGroup (CompanyCode, OfficeCode, GroupCode, Label, ManagerEmployeeNumber) VALUES ('03', '03', '01', 'Administration', 11);
INSERT INTO CompanyOfficeGroup (CompanyCode, OfficeCode, GroupCode, Label, ManagerEmployeeNumber) VALUES ('03', '03', '03', 'Marketing & Sales', 12);
INSERT INTO CompanyOfficeGroup (CompanyCode, OfficeCode, GroupCode, Label, ManagerEmployeeNumber) VALUES ('03', '03', '04', 'Distribution', 13);
INSERT INTO CompanyOfficeGroup (CompanyCode, OfficeCode, GroupCode, Label, ManagerEmployeeNumber) VALUES ('03', '03', '05', 'Sales', 14);

INSERT INTO CompanyOfficeGroup (CompanyCode, OfficeCode, GroupCode, Label, ManagerEmployeeNumber) VALUES ('03', '05', '09', 'Operations', 15);

INSERT INTO Location (LocationId, Label, SortValue) VALUES ('01', 'Burnaby', 'A');
INSERT INTO Location (LocationId, Label, SortValue) VALUES ('02', 'Vancouver', 'B');
INSERT INTO Location (LocationId, Label, SortValue) VALUES ('03', 'Kelowna', 'C');
INSERT INTO Location (LocationId, Label, SortValue) VALUES ('04', 'Prince George', 'D');
INSERT INTO Location (LocationId, Label, SortValue) VALUES ('05', 'Victoria', 'D');
INSERT INTO Location (LocationId, Label, SortValue) VALUES ('06', 'Surrey', 'D');

INSERT INTO Category (SkillCategoryId, Label, SortValue) VALUES ('1', 'Agriculture', 'A');
INSERT INTO Category (SkillCategoryId, Label, SortValue) VALUES ('2', 'Accounting', 'A');
INSERT INTO Category (SkillCategoryId, Label, SortValue) VALUES ('3', 'Management', 'A');
INSERT INTO Category (SkillCategoryId, Label, SortValue) VALUES ('4', 'Marketing & Sales', 'A');

INSERT INTO Skill (SkillCategoryId, SkillId, Label, SortValue) VALUES ('1', '1', 'Planting', 'B');
INSERT INTO Skill (SkillCategoryId, SkillId, Label, SortValue) VALUES ('1', '2', 'Harvesting', 'E');
INSERT INTO Skill (SkillCategoryId, SkillId, Label, SortValue) VALUES ('1', '3', 'Fertilizing', 'C');
INSERT INTO Skill (SkillCategoryId, SkillId, Label, SortValue) VALUES ('1', '4', 'Irrigating', 'D');
INSERT INTO Skill (SkillCategoryId, SkillId, Label, SortValue) VALUES ('2', '6', 'Maths', 'A');
INSERT INTO Skill (SkillCategoryId, SkillId, Label, SortValue) VALUES ('2', '7', 'Financial Statements', 'A');
INSERT INTO Skill (SkillCategoryId, SkillId, Label, SortValue) VALUES ('2', '8', 'Statement Analysis', 'A');
INSERT INTO Skill (SkillCategoryId, SkillId, Label, SortValue) VALUES ('2', '9', 'Projection', 'A');
INSERT INTO Skill (SkillCategoryId, SkillId, Label, SortValue) VALUES ('3', '10', 'People Skills', 'A');
INSERT INTO Skill (SkillCategoryId, SkillId, Label, SortValue) VALUES ('3', '11', 'Conflict Resolution', 'A');
INSERT INTO Skill (SkillCategoryId, SkillId, Label, SortValue) VALUES ('3', '12', 'Work Safe', 'A');
INSERT INTO Skill (SkillCategoryId, SkillId, Label, SortValue) VALUES ('3', '13', 'Wage Negotiation', 'A');
INSERT INTO Skill (SkillCategoryId, SkillId, Label, SortValue) VALUES ('4', '14', 'Marketing', 'A');
INSERT INTO Skill (SkillCategoryId, SkillId, Label, SortValue) VALUES ('4', '15', 'Sales', 'A');
INSERT INTO Skill (SkillCategoryId, SkillId, Label, SortValue) VALUES ('4', '16', 'Customer Service', 'A');

/* insert admin */
INSERT INTO Admin (Username, Password) VALUES ('admin', '123456');

INSERT INTO Employee (isContractor, CompanyCode, OfficeCode, GroupCode, LastName, FirstName, EmploymentType, Title, HireDate, TerminationDate,SupervisorEmployeeNumber, YearsPriorExperience, Email, WorkPhone, WorkCell, LocationId, PhotoUrl, Bio, ExtraInfo)VALUES (0,'01','01','03','Langworth','Arletha','Salary','Associate','1994-01-06',NULL,1,11,'Richie@amc.com','892-251-1585','521-307-9119','05','images/999.jpg','Hi, I am  an employee of Associated Engineering','Lorem ipsum dolor sit amet, consectetur adipiscing elit, sed do eiusmod tempor incididunt ut labore et dolore magna aliqua. Ut enim ad minim veniam, quis nostrud exercitation ullamco laboris nisi ut aliquip ex ea commodo consequat. Duis aute irure dolor in reprehenderit in voluptate velit esse cillum dolore eu fugiat nulla pariatur. Excepteur sint occaecat cupidatat non proident, sunt in culpa qui officia deserunt mollit anim id est laborum.');
INSERT INTO Employee (isContractor, CompanyCode, OfficeCode, GroupCode, LastName, FirstName, EmploymentType, Title, HireDate, TerminationDate,SupervisorEmployeeNumber, YearsPriorExperience, Email, WorkPhone, WorkCell, LocationId, PhotoUrl, Bio, ExtraInfo)VALUES (0,'02','02','02','Kautzer','Sammy','Salary','Supervisor','2013-08-29',NULL,1,1,'Tyree@amc.com','680-466-6645','251-708-3081','02','images/999.jpg','Hi, I am  an employee of Associated Engineering','Lorem ipsum dolor sit amet, consectetur adipiscing elit, sed do eiusmod tempor incididunt ut labore et dolore magna aliqua. Ut enim ad minim veniam, quis nostrud exercitation ullamco laboris nisi ut aliquip ex ea commodo consequat. Duis aute irure dolor in reprehenderit in voluptate velit esse cillum dolore eu fugiat nulla pariatur. Excepteur sint occaecat cupidatat non proident, sunt in culpa qui officia deserunt mollit anim id est laborum.');
INSERT INTO Employee (isContractor, CompanyCode, OfficeCode, GroupCode, LastName, FirstName, EmploymentType, Title, HireDate, TerminationDate,SupervisorEmployeeNumber, YearsPriorExperience, Email, WorkPhone, WorkCell, LocationId, PhotoUrl, Bio, ExtraInfo)VALUES (0,'03','04','06','Streich','Tania','Salary','Assistant manager','1991-05-19',NULL,1,11,'Kelsie@amc.com','369-709-3856','607-441-5370','04','images/999.jpg','Hi, I am  an employee of Associated Engineering','Lorem ipsum dolor sit amet, consectetur adipiscing elit, sed do eiusmod tempor incididunt ut labore et dolore magna aliqua. Ut enim ad minim veniam, quis nostrud exercitation ullamco laboris nisi ut aliquip ex ea commodo consequat. Duis aute irure dolor in reprehenderit in voluptate velit esse cillum dolore eu fugiat nulla pariatur. Excepteur sint occaecat cupidatat non proident, sunt in culpa qui officia deserunt mollit anim id est laborum.');
INSERT INTO Employee (isContractor, CompanyCode, OfficeCode, GroupCode, LastName, FirstName, EmploymentType, Title, HireDate, TerminationDate,SupervisorEmployeeNumber, YearsPriorExperience, Email, WorkPhone, WorkCell, LocationId, PhotoUrl, Bio, ExtraInfo)VALUES (0,'03','03','05','Mitchell','Branda','Salary','Manager','2003-01-02',NULL,1,20,'Tyra@amc.com','267-423-9175','475-240-2211','03','images/999.jpg','Hi, I am  an employee of Associated Engineering','Lorem ipsum dolor sit amet, consectetur adipiscing elit, sed do eiusmod tempor incididunt ut labore et dolore magna aliqua. Ut enim ad minim veniam, quis nostrud exercitation ullamco laboris nisi ut aliquip ex ea commodo consequat. Duis aute irure dolor in reprehenderit in voluptate velit esse cillum dolore eu fugiat nulla pariatur. Excepteur sint occaecat cupidatat non proident, sunt in culpa qui officia deserunt mollit anim id est laborum.');
INSERT INTO Employee (isContractor, CompanyCode, OfficeCode, GroupCode, LastName, FirstName, EmploymentType, Title, HireDate, TerminationDate,SupervisorEmployeeNumber, YearsPriorExperience, Email, WorkPhone, WorkCell, LocationId, PhotoUrl, Bio, ExtraInfo)VALUES (0,'02','02','03','Price','Gracie','Salary','Director','2001-07-04',NULL,3,16,'Fritz@amc.com','616-656-9510','569-621-3674','02','images/999.jpg','Hi, I am  an employee of Associated Engineering','Lorem ipsum dolor sit amet, consectetur adipiscing elit, sed do eiusmod tempor incididunt ut labore et dolore magna aliqua. Ut enim ad minim veniam, quis nostrud exercitation ullamco laboris nisi ut aliquip ex ea commodo consequat. Duis aute irure dolor in reprehenderit in voluptate velit esse cillum dolore eu fugiat nulla pariatur. Excepteur sint occaecat cupidatat non proident, sunt in culpa qui officia deserunt mollit anim id est laborum.');
INSERT INTO Employee (isContractor, CompanyCode, OfficeCode, GroupCode, LastName, FirstName, EmploymentType, Title, HireDate, TerminationDate,SupervisorEmployeeNumber, YearsPriorExperience, Email, WorkPhone, WorkCell, LocationId, PhotoUrl, Bio, ExtraInfo)VALUES (0,'03','03','04','Wiegand','Scotty','Salary','General manager','2002-10-08',NULL,3,4,'Marc@amc.com','806-258-2928','592-272-1713','03','images/999.jpg','Hi, I am  an employee of Associated Engineering','Lorem ipsum dolor sit amet, consectetur adipiscing elit, sed do eiusmod tempor incididunt ut labore et dolore magna aliqua. Ut enim ad minim veniam, quis nostrud exercitation ullamco laboris nisi ut aliquip ex ea commodo consequat. Duis aute irure dolor in reprehenderit in voluptate velit esse cillum dolore eu fugiat nulla pariatur. Excepteur sint occaecat cupidatat non proident, sunt in culpa qui officia deserunt mollit anim id est laborum.');
INSERT INTO Employee (isContractor, CompanyCode, OfficeCode, GroupCode, LastName, FirstName, EmploymentType, Title, HireDate, TerminationDate,SupervisorEmployeeNumber, YearsPriorExperience, Email, WorkPhone, WorkCell, LocationId, PhotoUrl, Bio, ExtraInfo)VALUES (0,'01','01','04','MacGyver','Gayle','Salary','Supervisor','1991-08-11',NULL,3,11,'Pam@amc.com','470-732-4934','838-172-5981','01','images/999.jpg','Hi, I am  an employee of Associated Engineering','Lorem ipsum dolor sit amet, consectetur adipiscing elit, sed do eiusmod tempor incididunt ut labore et dolore magna aliqua. Ut enim ad minim veniam, quis nostrud exercitation ullamco laboris nisi ut aliquip ex ea commodo consequat. Duis aute irure dolor in reprehenderit in voluptate velit esse cillum dolore eu fugiat nulla pariatur. Excepteur sint occaecat cupidatat non proident, sunt in culpa qui officia deserunt mollit anim id est laborum.');
INSERT INTO Employee (isContractor, CompanyCode, OfficeCode, GroupCode, LastName, FirstName, EmploymentType, Title, HireDate, TerminationDate,SupervisorEmployeeNumber, YearsPriorExperience, Email, WorkPhone, WorkCell, LocationId, PhotoUrl, Bio, ExtraInfo)VALUES (0,'03','05','09','Jacobi','Terina','Salary','Assistant manager','1992-11-27',NULL,3,14,'Reuben@amc.com','104-382-9875','167-479-2191','05','images/999.jpg','Hi, I am  an employee of Associated Engineering','Lorem ipsum dolor sit amet, consectetur adipiscing elit, sed do eiusmod tempor incididunt ut labore et dolore magna aliqua. Ut enim ad minim veniam, quis nostrud exercitation ullamco laboris nisi ut aliquip ex ea commodo consequat. Duis aute irure dolor in reprehenderit in voluptate velit esse cillum dolore eu fugiat nulla pariatur. Excepteur sint occaecat cupidatat non proident, sunt in culpa qui officia deserunt mollit anim id est laborum.');
INSERT INTO Employee (isContractor, CompanyCode, OfficeCode, GroupCode, LastName, FirstName, EmploymentType, Title, HireDate, TerminationDate,SupervisorEmployeeNumber, YearsPriorExperience, Email, WorkPhone, WorkCell, LocationId, PhotoUrl, Bio, ExtraInfo)VALUES (0,'03','03','03','Schaefer','Keira','Salary','Associate','2006-04-22',NULL,4,11,'Elijah@amc.com','928-560-4487','377-349-1630','03','images/999.jpg','Hi, I am  an employee of Associated Engineering','Lorem ipsum dolor sit amet, consectetur adipiscing elit, sed do eiusmod tempor incididunt ut labore et dolore magna aliqua. Ut enim ad minim veniam, quis nostrud exercitation ullamco laboris nisi ut aliquip ex ea commodo consequat. Duis aute irure dolor in reprehenderit in voluptate velit esse cillum dolore eu fugiat nulla pariatur. Excepteur sint occaecat cupidatat non proident, sunt in culpa qui officia deserunt mollit anim id est laborum.');
INSERT INTO Employee (isContractor, CompanyCode, OfficeCode, GroupCode, LastName, FirstName, EmploymentType, Title, HireDate, TerminationDate,SupervisorEmployeeNumber, YearsPriorExperience, Email, WorkPhone, WorkCell, LocationId, PhotoUrl, Bio, ExtraInfo)VALUES (0,'03','04','04','Breitenberg','Delmer','Salary','Director','1990-06-11',NULL,3,6,'Landon@amc.com','751-161-1698','211-114-5652','04','images/999.jpg','Hi, I am  an employee of Associated Engineering','Lorem ipsum dolor sit amet, consectetur adipiscing elit, sed do eiusmod tempor incididunt ut labore et dolore magna aliqua. Ut enim ad minim veniam, quis nostrud exercitation ullamco laboris nisi ut aliquip ex ea commodo consequat. Duis aute irure dolor in reprehenderit in voluptate velit esse cillum dolore eu fugiat nulla pariatur. Excepteur sint occaecat cupidatat non proident, sunt in culpa qui officia deserunt mollit anim id est laborum.');
INSERT INTO Employee (isContractor, CompanyCode, OfficeCode, GroupCode, LastName, FirstName, EmploymentType, Title, HireDate, TerminationDate,SupervisorEmployeeNumber, YearsPriorExperience, Email, WorkPhone, WorkCell, LocationId, PhotoUrl, Bio, ExtraInfo)VALUES (0,'01','01','04','Schaden','Rosina','Salary','General manager','2000-03-04',NULL,2,20,'Sonia@amc.com','255-570-4033','843-612-7588','05','images/999.jpg','Hi, I am  an employee of Associated Engineering','Lorem ipsum dolor sit amet, consectetur adipiscing elit, sed do eiusmod tempor incididunt ut labore et dolore magna aliqua. Ut enim ad minim veniam, quis nostrud exercitation ullamco laboris nisi ut aliquip ex ea commodo consequat. Duis aute irure dolor in reprehenderit in voluptate velit esse cillum dolore eu fugiat nulla pariatur. Excepteur sint occaecat cupidatat non proident, sunt in culpa qui officia deserunt mollit anim id est laborum.');
INSERT INTO Employee (isContractor, CompanyCode, OfficeCode, GroupCode, LastName, FirstName, EmploymentType, Title, HireDate, TerminationDate,SupervisorEmployeeNumber, YearsPriorExperience, Email, WorkPhone, WorkCell, LocationId, PhotoUrl, Bio, ExtraInfo)VALUES (0,'03','04','04','Auer','Chong','Salary','Associate','2007-02-06',NULL,1,11,'Myrtie@amc.com','689-729-5547','737-739-8757','04','images/999.jpg','Hi, I am  an employee of Associated Engineering','Lorem ipsum dolor sit amet, consectetur adipiscing elit, sed do eiusmod tempor incididunt ut labore et dolore magna aliqua. Ut enim ad minim veniam, quis nostrud exercitation ullamco laboris nisi ut aliquip ex ea commodo consequat. Duis aute irure dolor in reprehenderit in voluptate velit esse cillum dolore eu fugiat nulla pariatur. Excepteur sint occaecat cupidatat non proident, sunt in culpa qui officia deserunt mollit anim id est laborum.');
INSERT INTO Employee (isContractor, CompanyCode, OfficeCode, GroupCode, LastName, FirstName, EmploymentType, Title, HireDate, TerminationDate,SupervisorEmployeeNumber, YearsPriorExperience, Email, WorkPhone, WorkCell, LocationId, PhotoUrl, Bio, ExtraInfo)VALUES (0,'03','03','05','Kshlerin','Elke','Salary','Assistant manager','1991-05-26',NULL,2,13,'Marty@amc.com','564-482-6820','114-508-8858','03','images/999.jpg','Hi, I am  an employee of Associated Engineering','Lorem ipsum dolor sit amet, consectetur adipiscing elit, sed do eiusmod tempor incididunt ut labore et dolore magna aliqua. Ut enim ad minim veniam, quis nostrud exercitation ullamco laboris nisi ut aliquip ex ea commodo consequat. Duis aute irure dolor in reprehenderit in voluptate velit esse cillum dolore eu fugiat nulla pariatur. Excepteur sint occaecat cupidatat non proident, sunt in culpa qui officia deserunt mollit anim id est laborum.');
INSERT INTO Employee (isContractor, CompanyCode, OfficeCode, GroupCode, LastName, FirstName, EmploymentType, Title, HireDate, TerminationDate,SupervisorEmployeeNumber, YearsPriorExperience, Email, WorkPhone, WorkCell, LocationId, PhotoUrl, Bio, ExtraInfo)VALUES (0,'03','03','04','Becker','Boyce','Salary','Manager','1998-07-29',NULL,5,15,'Gonzalo@amc.com','808-452-1191','865-336-5911','03','images/999.jpg','Hi, I am  an employee of Associated Engineering','Lorem ipsum dolor sit amet, consectetur adipiscing elit, sed do eiusmod tempor incididunt ut labore et dolore magna aliqua. Ut enim ad minim veniam, quis nostrud exercitation ullamco laboris nisi ut aliquip ex ea commodo consequat. Duis aute irure dolor in reprehenderit in voluptate velit esse cillum dolore eu fugiat nulla pariatur. Excepteur sint occaecat cupidatat non proident, sunt in culpa qui officia deserunt mollit anim id est laborum.');
INSERT INTO Employee (isContractor, CompanyCode, OfficeCode, GroupCode, LastName, FirstName, EmploymentType, Title, HireDate, TerminationDate,SupervisorEmployeeNumber, YearsPriorExperience, Email, WorkPhone, WorkCell, LocationId, PhotoUrl, Bio, ExtraInfo)VALUES (0,'01','01','04','Robel','Treva','Salary','Manager','1990-05-09',NULL,5,17,'Williams@amc.com','123-486-9908','636-732-2787','02','images/999.jpg','Hi, I am  an employee of Associated Engineering','Lorem ipsum dolor sit amet, consectetur adipiscing elit, sed do eiusmod tempor incididunt ut labore et dolore magna aliqua. Ut enim ad minim veniam, quis nostrud exercitation ullamco laboris nisi ut aliquip ex ea commodo consequat. Duis aute irure dolor in reprehenderit in voluptate velit esse cillum dolore eu fugiat nulla pariatur. Excepteur sint occaecat cupidatat non proident, sunt in culpa qui officia deserunt mollit anim id est laborum.');
INSERT INTO Employee (isContractor, CompanyCode, OfficeCode, GroupCode, LastName, FirstName, EmploymentType, Title, HireDate, TerminationDate,SupervisorEmployeeNumber, YearsPriorExperience, Email, WorkPhone, WorkCell, LocationId, PhotoUrl, Bio, ExtraInfo)VALUES (0,'03','05','09','Stiedemann','Roxane','Salary','Associate','2000-08-26',NULL,5,3,'Millicent@amc.com','533-283-5874','282-113-8720','05','images/999.jpg','Hi, I am  an employee of Associated Engineering','Lorem ipsum dolor sit amet, consectetur adipiscing elit, sed do eiusmod tempor incididunt ut labore et dolore magna aliqua. Ut enim ad minim veniam, quis nostrud exercitation ullamco laboris nisi ut aliquip ex ea commodo consequat. Duis aute irure dolor in reprehenderit in voluptate velit esse cillum dolore eu fugiat nulla pariatur. Excepteur sint occaecat cupidatat non proident, sunt in culpa qui officia deserunt mollit anim id est laborum.');
INSERT INTO Employee (isContractor, CompanyCode, OfficeCode, GroupCode, LastName, FirstName, EmploymentType, Title, HireDate, TerminationDate,SupervisorEmployeeNumber, YearsPriorExperience, Email, WorkPhone, WorkCell, LocationId, PhotoUrl, Bio, ExtraInfo)VALUES (0,'03','03','05','Ward','Bobbi','Salary','Manager','2008-11-29',NULL,12,1,'Venetta@amc.com','452-714-5243','393-496-3723','03','images/999.jpg','Hi, I am  an employee of Associated Engineering','Lorem ipsum dolor sit amet, consectetur adipiscing elit, sed do eiusmod tempor incididunt ut labore et dolore magna aliqua. Ut enim ad minim veniam, quis nostrud exercitation ullamco laboris nisi ut aliquip ex ea commodo consequat. Duis aute irure dolor in reprehenderit in voluptate velit esse cillum dolore eu fugiat nulla pariatur. Excepteur sint occaecat cupidatat non proident, sunt in culpa qui officia deserunt mollit anim id est laborum.');
INSERT INTO Employee (isContractor, CompanyCode, OfficeCode, GroupCode, LastName, FirstName, EmploymentType, Title, HireDate, TerminationDate,SupervisorEmployeeNumber, YearsPriorExperience, Email, WorkPhone, WorkCell, LocationId, PhotoUrl, Bio, ExtraInfo)VALUES (0,'02','02','03','Braun','Eduardo','Salary','Manager','2013-07-28',NULL,9,3,'Jeanett@amc.com','319-560-9660','129-733-7079','02','images/999.jpg','Hi, I am  an employee of Associated Engineering','Lorem ipsum dolor sit amet, consectetur adipiscing elit, sed do eiusmod tempor incididunt ut labore et dolore magna aliqua. Ut enim ad minim veniam, quis nostrud exercitation ullamco laboris nisi ut aliquip ex ea commodo consequat. Duis aute irure dolor in reprehenderit in voluptate velit esse cillum dolore eu fugiat nulla pariatur. Excepteur sint occaecat cupidatat non proident, sunt in culpa qui officia deserunt mollit anim id est laborum.');
INSERT INTO Employee (isContractor, CompanyCode, OfficeCode, GroupCode, LastName, FirstName, EmploymentType, Title, HireDate, TerminationDate,SupervisorEmployeeNumber, YearsPriorExperience, Email, WorkPhone, WorkCell, LocationId, PhotoUrl, Bio, ExtraInfo)VALUES (0,'02','02','03','Schumm','Hassan','Salary','Director','1991-09-28',NULL,3,6,'Libbie@amc.com','465-215-7250','269-433-8281','02','images/999.jpg','Hi, I am  an employee of Associated Engineering','Lorem ipsum dolor sit amet, consectetur adipiscing elit, sed do eiusmod tempor incididunt ut labore et dolore magna aliqua. Ut enim ad minim veniam, quis nostrud exercitation ullamco laboris nisi ut aliquip ex ea commodo consequat. Duis aute irure dolor in reprehenderit in voluptate velit esse cillum dolore eu fugiat nulla pariatur. Excepteur sint occaecat cupidatat non proident, sunt in culpa qui officia deserunt mollit anim id est laborum.');
INSERT INTO Employee (isContractor, CompanyCode, OfficeCode, GroupCode, LastName, FirstName, EmploymentType, Title, HireDate, TerminationDate,SupervisorEmployeeNumber, YearsPriorExperience, Email, WorkPhone, WorkCell, LocationId, PhotoUrl, Bio, ExtraInfo)VALUES (0,'02','02','02','Bergnaum','Lamont','Salary','Assistant manager','1995-03-24',NULL,10,14,'Tobie@amc.com','530-684-3549','839-205-5738','02','images/999.jpg','Hi, I am  an employee of Associated Engineering','Lorem ipsum dolor sit amet, consectetur adipiscing elit, sed do eiusmod tempor incididunt ut labore et dolore magna aliqua. Ut enim ad minim veniam, quis nostrud exercitation ullamco laboris nisi ut aliquip ex ea commodo consequat. Duis aute irure dolor in reprehenderit in voluptate velit esse cillum dolore eu fugiat nulla pariatur. Excepteur sint occaecat cupidatat non proident, sunt in culpa qui officia deserunt mollit anim id est laborum.');
INSERT INTO Employee (isContractor, CompanyCode, OfficeCode, GroupCode, LastName, FirstName, EmploymentType, Title, HireDate, TerminationDate,SupervisorEmployeeNumber, YearsPriorExperience, Email, WorkPhone, WorkCell, LocationId, PhotoUrl, Bio, ExtraInfo)VALUES (0,'01','01','04','Jast','Catina','Salary','General manager','2002-03-13',NULL,11,17,'Reynaldo@amc.com','442-681-5940','614-483-7261','04','images/999.jpg','Hi, I am  an employee of Associated Engineering','Lorem ipsum dolor sit amet, consectetur adipiscing elit, sed do eiusmod tempor incididunt ut labore et dolore magna aliqua. Ut enim ad minim veniam, quis nostrud exercitation ullamco laboris nisi ut aliquip ex ea commodo consequat. Duis aute irure dolor in reprehenderit in voluptate velit esse cillum dolore eu fugiat nulla pariatur. Excepteur sint occaecat cupidatat non proident, sunt in culpa qui officia deserunt mollit anim id est laborum.');
INSERT INTO Employee (isContractor, CompanyCode, OfficeCode, GroupCode, LastName, FirstName, EmploymentType, Title, HireDate, TerminationDate,SupervisorEmployeeNumber, YearsPriorExperience, Email, WorkPhone, WorkCell, LocationId, PhotoUrl, Bio, ExtraInfo)VALUES (0,'02','02','03','Leuschke','Lauralee','Salary','Manager','1998-10-10',NULL,2,16,'Pia@amc.com','191-106-1693','712-274-6622','02','images/999.jpg','Hi, I am  an employee of Associated Engineering','Lorem ipsum dolor sit amet, consectetur adipiscing elit, sed do eiusmod tempor incididunt ut labore et dolore magna aliqua. Ut enim ad minim veniam, quis nostrud exercitation ullamco laboris nisi ut aliquip ex ea commodo consequat. Duis aute irure dolor in reprehenderit in voluptate velit esse cillum dolore eu fugiat nulla pariatur. Excepteur sint occaecat cupidatat non proident, sunt in culpa qui officia deserunt mollit anim id est laborum.');
INSERT INTO Employee (isContractor, CompanyCode, OfficeCode, GroupCode, LastName, FirstName, EmploymentType, Title, HireDate, TerminationDate,SupervisorEmployeeNumber, YearsPriorExperience, Email, WorkPhone, WorkCell, LocationId, PhotoUrl, Bio, ExtraInfo)VALUES (0,'03','04','06','Reilly','Ernesto','Salary','General manager','2007-03-14',NULL,20,3,'Cayla@amc.com','326-431-1851','903-238-7444','04','images/999.jpg','Hi, I am  an employee of Associated Engineering','Lorem ipsum dolor sit amet, consectetur adipiscing elit, sed do eiusmod tempor incididunt ut labore et dolore magna aliqua. Ut enim ad minim veniam, quis nostrud exercitation ullamco laboris nisi ut aliquip ex ea commodo consequat. Duis aute irure dolor in reprehenderit in voluptate velit esse cillum dolore eu fugiat nulla pariatur. Excepteur sint occaecat cupidatat non proident, sunt in culpa qui officia deserunt mollit anim id est laborum.');
INSERT INTO Employee (isContractor, CompanyCode, OfficeCode, GroupCode, LastName, FirstName, EmploymentType, Title, HireDate, TerminationDate,SupervisorEmployeeNumber, YearsPriorExperience, Email, WorkPhone, WorkCell, LocationId, PhotoUrl, Bio, ExtraInfo)VALUES (0,'03','04','05','Watsica','Leonie','Salary','Assistant manager','1996-03-02',NULL,17,3,'Ivana@amc.com','845-229-8721','708-596-9189','04','images/999.jpg','Hi, I am  an employee of Associated Engineering','Lorem ipsum dolor sit amet, consectetur adipiscing elit, sed do eiusmod tempor incididunt ut labore et dolore magna aliqua. Ut enim ad minim veniam, quis nostrud exercitation ullamco laboris nisi ut aliquip ex ea commodo consequat. Duis aute irure dolor in reprehenderit in voluptate velit esse cillum dolore eu fugiat nulla pariatur. Excepteur sint occaecat cupidatat non proident, sunt in culpa qui officia deserunt mollit anim id est laborum.');
INSERT INTO Employee (isContractor, CompanyCode, OfficeCode, GroupCode, LastName, FirstName, EmploymentType, Title, HireDate, TerminationDate,SupervisorEmployeeNumber, YearsPriorExperience, Email, WorkPhone, WorkCell, LocationId, PhotoUrl, Bio, ExtraInfo)VALUES (0,'03','03','05','Renner','Rufus','Salary','Assistant manager','2013-10-10',NULL,23,13,'Reynalda@amc.com','214-630-5275','143-224-1768','03','images/999.jpg','Hi, I am  an employee of Associated Engineering','Lorem ipsum dolor sit amet, consectetur adipiscing elit, sed do eiusmod tempor incididunt ut labore et dolore magna aliqua. Ut enim ad minim veniam, quis nostrud exercitation ullamco laboris nisi ut aliquip ex ea commodo consequat. Duis aute irure dolor in reprehenderit in voluptate velit esse cillum dolore eu fugiat nulla pariatur. Excepteur sint occaecat cupidatat non proident, sunt in culpa qui officia deserunt mollit anim id est laborum.');
INSERT INTO Employee (isContractor, CompanyCode, OfficeCode, GroupCode, LastName, FirstName, EmploymentType, Title, HireDate, TerminationDate,SupervisorEmployeeNumber, YearsPriorExperience, Email, WorkPhone, WorkCell, LocationId, PhotoUrl, Bio, ExtraInfo)VALUES (0,'01','01','01','Borer','Chadwick','Salary','Supervisor','2015-02-05',NULL,2,8,'Franklyn@amc.com','959-238-4890','977-565-3086','02','images/999.jpg','Hi, I am  an employee of Associated Engineering','Lorem ipsum dolor sit amet, consectetur adipiscing elit, sed do eiusmod tempor incididunt ut labore et dolore magna aliqua. Ut enim ad minim veniam, quis nostrud exercitation ullamco laboris nisi ut aliquip ex ea commodo consequat. Duis aute irure dolor in reprehenderit in voluptate velit esse cillum dolore eu fugiat nulla pariatur. Excepteur sint occaecat cupidatat non proident, sunt in culpa qui officia deserunt mollit anim id est laborum.');
INSERT INTO Employee (isContractor, CompanyCode, OfficeCode, GroupCode, LastName, FirstName, EmploymentType, Title, HireDate, TerminationDate,SupervisorEmployeeNumber, YearsPriorExperience, Email, WorkPhone, WorkCell, LocationId, PhotoUrl, Bio, ExtraInfo)VALUES (0,'03','05','09','Steuber','Ok','Salary','Supervisor','2010-04-30',NULL,20,14,'Lee@amc.com','737-463-8925','251-514-5869','05','images/999.jpg','Hi, I am  an employee of Associated Engineering','Lorem ipsum dolor sit amet, consectetur adipiscing elit, sed do eiusmod tempor incididunt ut labore et dolore magna aliqua. Ut enim ad minim veniam, quis nostrud exercitation ullamco laboris nisi ut aliquip ex ea commodo consequat. Duis aute irure dolor in reprehenderit in voluptate velit esse cillum dolore eu fugiat nulla pariatur. Excepteur sint occaecat cupidatat non proident, sunt in culpa qui officia deserunt mollit anim id est laborum.');
INSERT INTO Employee (isContractor, CompanyCode, OfficeCode, GroupCode, LastName, FirstName, EmploymentType, Title, HireDate, TerminationDate,SupervisorEmployeeNumber, YearsPriorExperience, Email, WorkPhone, WorkCell, LocationId, PhotoUrl, Bio, ExtraInfo)VALUES (0,'01','01','02','Greenfelder','Leeanne','Salary','Assistant manager','1996-05-05',NULL,16,12,'Travis@amc.com','312-237-9586','317-128-5200','03','images/999.jpg','Hi, I am  an employee of Associated Engineering','Lorem ipsum dolor sit amet, consectetur adipiscing elit, sed do eiusmod tempor incididunt ut labore et dolore magna aliqua. Ut enim ad minim veniam, quis nostrud exercitation ullamco laboris nisi ut aliquip ex ea commodo consequat. Duis aute irure dolor in reprehenderit in voluptate velit esse cillum dolore eu fugiat nulla pariatur. Excepteur sint occaecat cupidatat non proident, sunt in culpa qui officia deserunt mollit anim id est laborum.');
INSERT INTO Employee (isContractor, CompanyCode, OfficeCode, GroupCode, LastName, FirstName, EmploymentType, Title, HireDate, TerminationDate,SupervisorEmployeeNumber, YearsPriorExperience, Email, WorkPhone, WorkCell, LocationId, PhotoUrl, Bio, ExtraInfo)VALUES (0,'03','05','09','Boehm','Cristy','Salary','Associate','2010-03-25',NULL,4,10,'Eliza@amc.com','703-727-3279','452-402-7505','05','images/999.jpg','Hi, I am  an employee of Associated Engineering','Lorem ipsum dolor sit amet, consectetur adipiscing elit, sed do eiusmod tempor incididunt ut labore et dolore magna aliqua. Ut enim ad minim veniam, quis nostrud exercitation ullamco laboris nisi ut aliquip ex ea commodo consequat. Duis aute irure dolor in reprehenderit in voluptate velit esse cillum dolore eu fugiat nulla pariatur. Excepteur sint occaecat cupidatat non proident, sunt in culpa qui officia deserunt mollit anim id est laborum.');
INSERT INTO Employee (isContractor, CompanyCode, OfficeCode, GroupCode, LastName, FirstName, EmploymentType, Title, HireDate, TerminationDate,SupervisorEmployeeNumber, YearsPriorExperience, Email, WorkPhone, WorkCell, LocationId, PhotoUrl, Bio, ExtraInfo)VALUES (0,'02','02','01','Ratke','Pearlene','Salary','Assistant manager','2012-10-22',NULL,4,16,'Laverne@amc.com','976-149-2217','186-392-9534','02','images/999.jpg','Hi, I am  an employee of Associated Engineering','Lorem ipsum dolor sit amet, consectetur adipiscing elit, sed do eiusmod tempor incididunt ut labore et dolore magna aliqua. Ut enim ad minim veniam, quis nostrud exercitation ullamco laboris nisi ut aliquip ex ea commodo consequat. Duis aute irure dolor in reprehenderit in voluptate velit esse cillum dolore eu fugiat nulla pariatur. Excepteur sint occaecat cupidatat non proident, sunt in culpa qui officia deserunt mollit anim id est laborum.');
INSERT INTO Employee (isContractor, CompanyCode, OfficeCode, GroupCode, LastName, FirstName, EmploymentType, Title, HireDate, TerminationDate,SupervisorEmployeeNumber, YearsPriorExperience, Email, WorkPhone, WorkCell, LocationId, PhotoUrl, Bio, ExtraInfo)VALUES (0,'02','02','02','Walter','Bruno','Salary','General manager','1991-01-29',NULL,24,6,'Harris@amc.com','158-598-3556','671-618-1136','02','images/999.jpg','Hi, I am  an employee of Associated Engineering','Lorem ipsum dolor sit amet, consectetur adipiscing elit, sed do eiusmod tempor incididunt ut labore et dolore magna aliqua. Ut enim ad minim veniam, quis nostrud exercitation ullamco laboris nisi ut aliquip ex ea commodo consequat. Duis aute irure dolor in reprehenderit in voluptate velit esse cillum dolore eu fugiat nulla pariatur. Excepteur sint occaecat cupidatat non proident, sunt in culpa qui officia deserunt mollit anim id est laborum.');
INSERT INTO Employee (isContractor, CompanyCode, OfficeCode, GroupCode, LastName, FirstName, EmploymentType, Title, HireDate, TerminationDate,SupervisorEmployeeNumber, YearsPriorExperience, Email, WorkPhone, WorkCell, LocationId, PhotoUrl, Bio, ExtraInfo)VALUES (0,'03','04','06','Oberbrunner','Brandon','Salary','Supervisor','1994-07-25',NULL,15,15,'Alisia@amc.com','598-598-2801','160-688-3797','04','images/999.jpg','Hi, I am  an employee of Associated Engineering','Lorem ipsum dolor sit amet, consectetur adipiscing elit, sed do eiusmod tempor incididunt ut labore et dolore magna aliqua. Ut enim ad minim veniam, quis nostrud exercitation ullamco laboris nisi ut aliquip ex ea commodo consequat. Duis aute irure dolor in reprehenderit in voluptate velit esse cillum dolore eu fugiat nulla pariatur. Excepteur sint occaecat cupidatat non proident, sunt in culpa qui officia deserunt mollit anim id est laborum.');
INSERT INTO Employee (isContractor, CompanyCode, OfficeCode, GroupCode, LastName, FirstName, EmploymentType, Title, HireDate, TerminationDate,SupervisorEmployeeNumber, YearsPriorExperience, Email, WorkPhone, WorkCell, LocationId, PhotoUrl, Bio, ExtraInfo)VALUES (0,'02','02','02','Wilderman','Harlan','Salary','Associate','1999-01-23',NULL,14,19,'Dorian@amc.com','189-567-3011','526-397-2456','02','images/999.jpg','Hi, I am  an employee of Associated Engineering','Lorem ipsum dolor sit amet, consectetur adipiscing elit, sed do eiusmod tempor incididunt ut labore et dolore magna aliqua. Ut enim ad minim veniam, quis nostrud exercitation ullamco laboris nisi ut aliquip ex ea commodo consequat. Duis aute irure dolor in reprehenderit in voluptate velit esse cillum dolore eu fugiat nulla pariatur. Excepteur sint occaecat cupidatat non proident, sunt in culpa qui officia deserunt mollit anim id est laborum.');
INSERT INTO Employee (isContractor, CompanyCode, OfficeCode, GroupCode, LastName, FirstName, EmploymentType, Title, HireDate, TerminationDate,SupervisorEmployeeNumber, YearsPriorExperience, Email, WorkPhone, WorkCell, LocationId, PhotoUrl, Bio, ExtraInfo)VALUES (0,'03','04','05','McClure','Boris','Salary','General manager','2011-04-04',NULL,7,15,'Lyndsey@amc.com','524-421-8110','959-629-7471','04','images/999.jpg','Hi, I am  an employee of Associated Engineering','Lorem ipsum dolor sit amet, consectetur adipiscing elit, sed do eiusmod tempor incididunt ut labore et dolore magna aliqua. Ut enim ad minim veniam, quis nostrud exercitation ullamco laboris nisi ut aliquip ex ea commodo consequat. Duis aute irure dolor in reprehenderit in voluptate velit esse cillum dolore eu fugiat nulla pariatur. Excepteur sint occaecat cupidatat non proident, sunt in culpa qui officia deserunt mollit anim id est laborum.');
INSERT INTO Employee (isContractor, CompanyCode, OfficeCode, GroupCode, LastName, FirstName, EmploymentType, Title, HireDate, TerminationDate,SupervisorEmployeeNumber, YearsPriorExperience, Email, WorkPhone, WorkCell, LocationId, PhotoUrl, Bio, ExtraInfo)VALUES (0,'03','04','05','Bode','Claud','Salary','Supervisor','1994-10-23',NULL,25,9,'Andres@amc.com','419-116-7868','992-329-7470','04','images/999.jpg','Hi, I am  an employee of Associated Engineering','Lorem ipsum dolor sit amet, consectetur adipiscing elit, sed do eiusmod tempor incididunt ut labore et dolore magna aliqua. Ut enim ad minim veniam, quis nostrud exercitation ullamco laboris nisi ut aliquip ex ea commodo consequat. Duis aute irure dolor in reprehenderit in voluptate velit esse cillum dolore eu fugiat nulla pariatur. Excepteur sint occaecat cupidatat non proident, sunt in culpa qui officia deserunt mollit anim id est laborum.');
INSERT INTO Employee (isContractor, CompanyCode, OfficeCode, GroupCode, LastName, FirstName, EmploymentType, Title, HireDate, TerminationDate,SupervisorEmployeeNumber, YearsPriorExperience, Email, WorkPhone, WorkCell, LocationId, PhotoUrl, Bio, ExtraInfo)VALUES (0,'03','03','04','Langworth','Gil','Salary','Assistant manager','2013-10-03',NULL,4,14,'Gustavo@amc.com','743-328-3571','618-700-2300','03','images/999.jpg','Hi, I am  an employee of Associated Engineering','Lorem ipsum dolor sit amet, consectetur adipiscing elit, sed do eiusmod tempor incididunt ut labore et dolore magna aliqua. Ut enim ad minim veniam, quis nostrud exercitation ullamco laboris nisi ut aliquip ex ea commodo consequat. Duis aute irure dolor in reprehenderit in voluptate velit esse cillum dolore eu fugiat nulla pariatur. Excepteur sint occaecat cupidatat non proident, sunt in culpa qui officia deserunt mollit anim id est laborum.');
INSERT INTO Employee (isContractor, CompanyCode, OfficeCode, GroupCode, LastName, FirstName, EmploymentType, Title, HireDate, TerminationDate,SupervisorEmployeeNumber, YearsPriorExperience, Email, WorkPhone, WorkCell, LocationId, PhotoUrl, Bio, ExtraInfo)VALUES (0,'03','04','06','Spencer','Thersa','Salary','Assistant manager','2004-06-12',NULL,20,19,'Herb@amc.com','483-571-6355','601-146-7691','04','images/999.jpg','Hi, I am  an employee of Associated Engineering','Lorem ipsum dolor sit amet, consectetur adipiscing elit, sed do eiusmod tempor incididunt ut labore et dolore magna aliqua. Ut enim ad minim veniam, quis nostrud exercitation ullamco laboris nisi ut aliquip ex ea commodo consequat. Duis aute irure dolor in reprehenderit in voluptate velit esse cillum dolore eu fugiat nulla pariatur. Excepteur sint occaecat cupidatat non proident, sunt in culpa qui officia deserunt mollit anim id est laborum.');
INSERT INTO Employee (isContractor, CompanyCode, OfficeCode, GroupCode, LastName, FirstName, EmploymentType, Title, HireDate, TerminationDate,SupervisorEmployeeNumber, YearsPriorExperience, Email, WorkPhone, WorkCell, LocationId, PhotoUrl, Bio, ExtraInfo)VALUES (0,'03','03','05','Ryan','Kelsie','Salary','Director','2005-11-16',NULL,12,17,'Preston@amc.com','361-616-5721','590-295-1295','03','images/999.jpg','Hi, I am  an employee of Associated Engineering','Lorem ipsum dolor sit amet, consectetur adipiscing elit, sed do eiusmod tempor incididunt ut labore et dolore magna aliqua. Ut enim ad minim veniam, quis nostrud exercitation ullamco laboris nisi ut aliquip ex ea commodo consequat. Duis aute irure dolor in reprehenderit in voluptate velit esse cillum dolore eu fugiat nulla pariatur. Excepteur sint occaecat cupidatat non proident, sunt in culpa qui officia deserunt mollit anim id est laborum.');
INSERT INTO Employee (isContractor, CompanyCode, OfficeCode, GroupCode, LastName, FirstName, EmploymentType, Title, HireDate, TerminationDate,SupervisorEmployeeNumber, YearsPriorExperience, Email, WorkPhone, WorkCell, LocationId, PhotoUrl, Bio, ExtraInfo)VALUES (0,'03','04','06','Bashirian','Kent','Salary','Director','1991-05-20',NULL,29,11,'Cyril@amc.com','916-728-7932','415-100-4505','04','images/999.jpg','Hi, I am  an employee of Associated Engineering','Lorem ipsum dolor sit amet, consectetur adipiscing elit, sed do eiusmod tempor incididunt ut labore et dolore magna aliqua. Ut enim ad minim veniam, quis nostrud exercitation ullamco laboris nisi ut aliquip ex ea commodo consequat. Duis aute irure dolor in reprehenderit in voluptate velit esse cillum dolore eu fugiat nulla pariatur. Excepteur sint occaecat cupidatat non proident, sunt in culpa qui officia deserunt mollit anim id est laborum.');
INSERT INTO Employee (isContractor, CompanyCode, OfficeCode, GroupCode, LastName, FirstName, EmploymentType, Title, HireDate, TerminationDate,SupervisorEmployeeNumber, YearsPriorExperience, Email, WorkPhone, WorkCell, LocationId, PhotoUrl, Bio, ExtraInfo)VALUES (0,'03','04','05','Ortiz','Ila','Salary','Assistant manager','2003-11-21',NULL,6,11,'Luis@amc.com','532-709-8563','910-360-7861','04','images/999.jpg','Hi, I am  an employee of Associated Engineering','Lorem ipsum dolor sit amet, consectetur adipiscing elit, sed do eiusmod tempor incididunt ut labore et dolore magna aliqua. Ut enim ad minim veniam, quis nostrud exercitation ullamco laboris nisi ut aliquip ex ea commodo consequat. Duis aute irure dolor in reprehenderit in voluptate velit esse cillum dolore eu fugiat nulla pariatur. Excepteur sint occaecat cupidatat non proident, sunt in culpa qui officia deserunt mollit anim id est laborum.');
INSERT INTO Employee (isContractor, CompanyCode, OfficeCode, GroupCode, LastName, FirstName, EmploymentType, Title, HireDate, TerminationDate,SupervisorEmployeeNumber, YearsPriorExperience, Email, WorkPhone, WorkCell, LocationId, PhotoUrl, Bio, ExtraInfo)VALUES (0,'03','03','04','Ward','Rima','Salary','Supervisor','2011-02-13',NULL,2,2,'Billy@amc.com','594-675-4849','893-402-8572','03','images/999.jpg','Hi, I am  an employee of Associated Engineering','Lorem ipsum dolor sit amet, consectetur adipiscing elit, sed do eiusmod tempor incididunt ut labore et dolore magna aliqua. Ut enim ad minim veniam, quis nostrud exercitation ullamco laboris nisi ut aliquip ex ea commodo consequat. Duis aute irure dolor in reprehenderit in voluptate velit esse cillum dolore eu fugiat nulla pariatur. Excepteur sint occaecat cupidatat non proident, sunt in culpa qui officia deserunt mollit anim id est laborum.');
INSERT INTO Employee (isContractor, CompanyCode, OfficeCode, GroupCode, LastName, FirstName, EmploymentType, Title, HireDate, TerminationDate,SupervisorEmployeeNumber, YearsPriorExperience, Email, WorkPhone, WorkCell, LocationId, PhotoUrl, Bio, ExtraInfo)VALUES (0,'03','04','06','Wilderman','Muoi','Salary','Manager','2001-04-13',NULL,12,18,'Theola@amc.com','907-656-7821','833-205-7102','04','images/999.jpg','Hi, I am  an employee of Associated Engineering','Lorem ipsum dolor sit amet, consectetur adipiscing elit, sed do eiusmod tempor incididunt ut labore et dolore magna aliqua. Ut enim ad minim veniam, quis nostrud exercitation ullamco laboris nisi ut aliquip ex ea commodo consequat. Duis aute irure dolor in reprehenderit in voluptate velit esse cillum dolore eu fugiat nulla pariatur. Excepteur sint occaecat cupidatat non proident, sunt in culpa qui officia deserunt mollit anim id est laborum.');
INSERT INTO Employee (isContractor, CompanyCode, OfficeCode, GroupCode, LastName, FirstName, EmploymentType, Title, HireDate, TerminationDate,SupervisorEmployeeNumber, YearsPriorExperience, Email, WorkPhone, WorkCell, LocationId, PhotoUrl, Bio, ExtraInfo)VALUES (0,'02','02','02','King','Chrissy','Salary','Assistant manager','2012-12-06',NULL,23,7,'Jerrell@amc.com','735-146-3053','732-274-6961','02','images/999.jpg','Hi, I am  an employee of Associated Engineering','Lorem ipsum dolor sit amet, consectetur adipiscing elit, sed do eiusmod tempor incididunt ut labore et dolore magna aliqua. Ut enim ad minim veniam, quis nostrud exercitation ullamco laboris nisi ut aliquip ex ea commodo consequat. Duis aute irure dolor in reprehenderit in voluptate velit esse cillum dolore eu fugiat nulla pariatur. Excepteur sint occaecat cupidatat non proident, sunt in culpa qui officia deserunt mollit anim id est laborum.');
INSERT INTO Employee (isContractor, CompanyCode, OfficeCode, GroupCode, LastName, FirstName, EmploymentType, Title, HireDate, TerminationDate,SupervisorEmployeeNumber, YearsPriorExperience, Email, WorkPhone, WorkCell, LocationId, PhotoUrl, Bio, ExtraInfo)VALUES (0,'01','01','04','Stoltenberg','Keshia','Salary','Director','2005-02-21',NULL,29,20,'Gerry@amc.com','940-250-6249','634-188-7781','05','images/999.jpg','Hi, I am  an employee of Associated Engineering','Lorem ipsum dolor sit amet, consectetur adipiscing elit, sed do eiusmod tempor incididunt ut labore et dolore magna aliqua. Ut enim ad minim veniam, quis nostrud exercitation ullamco laboris nisi ut aliquip ex ea commodo consequat. Duis aute irure dolor in reprehenderit in voluptate velit esse cillum dolore eu fugiat nulla pariatur. Excepteur sint occaecat cupidatat non proident, sunt in culpa qui officia deserunt mollit anim id est laborum.');
INSERT INTO Employee (isContractor, CompanyCode, OfficeCode, GroupCode, LastName, FirstName, EmploymentType, Title, HireDate, TerminationDate,SupervisorEmployeeNumber, YearsPriorExperience, Email, WorkPhone, WorkCell, LocationId, PhotoUrl, Bio, ExtraInfo)VALUES (0,'03','04','06','Mills','Tim','Salary','Associate','2010-06-22',NULL,39,3,'Melaine@amc.com','553-129-6984','209-364-7035','04','images/999.jpg','Hi, I am  an employee of Associated Engineering','Lorem ipsum dolor sit amet, consectetur adipiscing elit, sed do eiusmod tempor incididunt ut labore et dolore magna aliqua. Ut enim ad minim veniam, quis nostrud exercitation ullamco laboris nisi ut aliquip ex ea commodo consequat. Duis aute irure dolor in reprehenderit in voluptate velit esse cillum dolore eu fugiat nulla pariatur. Excepteur sint occaecat cupidatat non proident, sunt in culpa qui officia deserunt mollit anim id est laborum.');
INSERT INTO Employee (isContractor, CompanyCode, OfficeCode, GroupCode, LastName, FirstName, EmploymentType, Title, HireDate, TerminationDate,SupervisorEmployeeNumber, YearsPriorExperience, Email, WorkPhone, WorkCell, LocationId, PhotoUrl, Bio, ExtraInfo)VALUES (0,'03','04','04','Mohr','Martin','Salary','Director','2013-01-29',NULL,14,5,'Titus@amc.com','817-389-3860','483-539-7795','04','images/999.jpg','Hi, I am  an employee of Associated Engineering','Lorem ipsum dolor sit amet, consectetur adipiscing elit, sed do eiusmod tempor incididunt ut labore et dolore magna aliqua. Ut enim ad minim veniam, quis nostrud exercitation ullamco laboris nisi ut aliquip ex ea commodo consequat. Duis aute irure dolor in reprehenderit in voluptate velit esse cillum dolore eu fugiat nulla pariatur. Excepteur sint occaecat cupidatat non proident, sunt in culpa qui officia deserunt mollit anim id est laborum.');
INSERT INTO Employee (isContractor, CompanyCode, OfficeCode, GroupCode, LastName, FirstName, EmploymentType, Title, HireDate, TerminationDate,SupervisorEmployeeNumber, YearsPriorExperience, Email, WorkPhone, WorkCell, LocationId, PhotoUrl, Bio, ExtraInfo)VALUES (0,'03','04','04','Schowalter','Edelmira','Salary','Associate','2002-05-16',NULL,37,8,'Olin@amc.com','940-166-1746','485-706-1150','04','images/999.jpg','Hi, I am  an employee of Associated Engineering','Lorem ipsum dolor sit amet, consectetur adipiscing elit, sed do eiusmod tempor incididunt ut labore et dolore magna aliqua. Ut enim ad minim veniam, quis nostrud exercitation ullamco laboris nisi ut aliquip ex ea commodo consequat. Duis aute irure dolor in reprehenderit in voluptate velit esse cillum dolore eu fugiat nulla pariatur. Excepteur sint occaecat cupidatat non proident, sunt in culpa qui officia deserunt mollit anim id est laborum.');
INSERT INTO Employee (isContractor, CompanyCode, OfficeCode, GroupCode, LastName, FirstName, EmploymentType, Title, HireDate, TerminationDate,SupervisorEmployeeNumber, YearsPriorExperience, Email, WorkPhone, WorkCell, LocationId, PhotoUrl, Bio, ExtraInfo)VALUES (0,'02','02','02','Weber','Yuk','Salary','General manager','2015-10-04',NULL,48,6,'Frederick@amc.com','230-554-4486','118-591-1403','02','images/999.jpg','Hi, I am  an employee of Associated Engineering','Lorem ipsum dolor sit amet, consectetur adipiscing elit, sed do eiusmod tempor incididunt ut labore et dolore magna aliqua. Ut enim ad minim veniam, quis nostrud exercitation ullamco laboris nisi ut aliquip ex ea commodo consequat. Duis aute irure dolor in reprehenderit in voluptate velit esse cillum dolore eu fugiat nulla pariatur. Excepteur sint occaecat cupidatat non proident, sunt in culpa qui officia deserunt mollit anim id est laborum.');
INSERT INTO Employee (isContractor, CompanyCode, OfficeCode, GroupCode, LastName, FirstName, EmploymentType, Title, HireDate, TerminationDate,SupervisorEmployeeNumber, YearsPriorExperience, Email, WorkPhone, WorkCell, LocationId, PhotoUrl, Bio, ExtraInfo)VALUES (0,'03','04','06','Hyatt','Damien','Salary','Director','2004-11-23',NULL,NULL,9,'Ronald@amc.com','412-610-5579','809-559-2203','04','images/999.jpg','Hi, I am  an employee of Associated Engineering','Lorem ipsum dolor sit amet, consectetur adipiscing elit, sed do eiusmod tempor incididunt ut labore et dolore magna aliqua. Ut enim ad minim veniam, quis nostrud exercitation ullamco laboris nisi ut aliquip ex ea commodo consequat. Duis aute irure dolor in reprehenderit in voluptate velit esse cillum dolore eu fugiat nulla pariatur. Excepteur sint occaecat cupidatat non proident, sunt in culpa qui officia deserunt mollit anim id est laborum.');
INSERT INTO Employee (isContractor, CompanyCode, OfficeCode, GroupCode, LastName, FirstName, EmploymentType, Title, HireDate, TerminationDate,SupervisorEmployeeNumber, YearsPriorExperience, Email, WorkPhone, WorkCell, LocationId, PhotoUrl, Bio, ExtraInfo)VALUES (0,'01','01','04','Kozey','Dallas','Salary','Associate','2013-12-07',NULL,49,20,'Kennith@amc.com','310-706-7953','518-492-3962','02','images/999.jpg','Hi, I am  an employee of Associated Engineering','Lorem ipsum dolor sit amet, consectetur adipiscing elit, sed do eiusmod tempor incididunt ut labore et dolore magna aliqua. Ut enim ad minim veniam, quis nostrud exercitation ullamco laboris nisi ut aliquip ex ea commodo consequat. Duis aute irure dolor in reprehenderit in voluptate velit esse cillum dolore eu fugiat nulla pariatur. Excepteur sint occaecat cupidatat non proident, sunt in culpa qui officia deserunt mollit anim id est laborum.');

INSERT INTO EmployeeSkills (EmployeeNumber, SkillId) VALUES (11, '1');
INSERT INTO EmployeeSkills (EmployeeNumber, SkillId) VALUES (2, '2');
INSERT INTO EmployeeSkills (EmployeeNumber, SkillId) VALUES (11, '3');
INSERT INTO EmployeeSkills (EmployeeNumber, SkillId) VALUES (15, '1');
INSERT INTO EmployeeSkills (EmployeeNumber, SkillId) VALUES (1, '2');
INSERT INTO EmployeeSkills (EmployeeNumber, SkillId) VALUES (1, '3');
INSERT INTO EmployeeSkills (EmployeeNumber, SkillId) VALUES (15, '4');
INSERT INTO EmployeeSkills (EmployeeNumber, SkillId) VALUES (4, '6');
INSERT INTO EmployeeSkills (EmployeeNumber, SkillId) VALUES (2, '7');
INSERT INTO EmployeeSkills (EmployeeNumber, SkillId) VALUES (4, '8');
INSERT INTO EmployeeSkills (EmployeeNumber, SkillId) VALUES (8, '14');
INSERT INTO EmployeeSkills (EmployeeNumber, SkillId) VALUES (2, '15');
INSERT INTO EmployeeSkills (EmployeeNumber, SkillId) VALUES (8, '16');
INSERT INTO EmployeeSkills (EmployeeNumber, SkillId) VALUES (40,'14');
INSERT INTO EmployeeSkills (EmployeeNumber, SkillId) VALUES (48,'1');
INSERT INTO EmployeeSkills (EmployeeNumber, SkillId) VALUES (19,'10');
INSERT INTO EmployeeSkills (EmployeeNumber, SkillId) VALUES (5,'3');
INSERT INTO EmployeeSkills (EmployeeNumber, SkillId) VALUES (7,'7');
INSERT INTO EmployeeSkills (EmployeeNumber, SkillId) VALUES (8,'11');
INSERT INTO EmployeeSkills (EmployeeNumber, SkillId) VALUES (28,'6');
INSERT INTO EmployeeSkills (EmployeeNumber, SkillId) VALUES (6,'2');
INSERT INTO EmployeeSkills (EmployeeNumber, SkillId) VALUES (37,'14');
INSERT INTO EmployeeSkills (EmployeeNumber, SkillId) VALUES (37,'3');
INSERT INTO EmployeeSkills (EmployeeNumber, SkillId) VALUES (12,'10');
INSERT INTO EmployeeSkills (EmployeeNumber, SkillId) VALUES (37,'2');
INSERT INTO EmployeeSkills (EmployeeNumber, SkillId) VALUES (6,'3');
INSERT INTO EmployeeSkills (EmployeeNumber, SkillId) VALUES (13,'3');
INSERT INTO EmployeeSkills (EmployeeNumber, SkillId) VALUES (17,'16');
INSERT INTO EmployeeSkills (EmployeeNumber, SkillId) VALUES (9,'10');
INSERT INTO EmployeeSkills (EmployeeNumber, SkillId) VALUES (9,'3');
INSERT INTO EmployeeSkills (EmployeeNumber, SkillId) VALUES (38,'16');
INSERT INTO EmployeeSkills (EmployeeNumber, SkillId) VALUES (8,'5');
INSERT INTO EmployeeSkills (EmployeeNumber, SkillId) VALUES (9,'6');
INSERT INTO EmployeeSkills (EmployeeNumber, SkillId) VALUES (50,'15');
INSERT INTO EmployeeSkills (EmployeeNumber, SkillId) VALUES (5,'6');
INSERT INTO EmployeeSkills (EmployeeNumber, SkillId) VALUES (35,'3');
INSERT INTO EmployeeSkills (EmployeeNumber, SkillId) VALUES (36,'9');
INSERT INTO EmployeeSkills (EmployeeNumber, SkillId) VALUES (21,'2');
INSERT INTO EmployeeSkills (EmployeeNumber, SkillId) VALUES (32,'9');
INSERT INTO EmployeeSkills (EmployeeNumber, SkillId) VALUES (46,'15');
INSERT INTO EmployeeSkills (EmployeeNumber, SkillId) VALUES (26,'8');